{
    "version": 8,
    "name": "My SciFi Style (5)-copy",
    "metadata": {
        "mapbox:autocomposite": true,
        "mapbox:type": "template"
    },
    "center": [
        77.14621968952116,
        15.233102419623947
    ],
    "zoom": 5.320223577026396,
    "bearing": 0,
    "pitch": 0,
    "sources": {
        "composite": {
            "url": "mapbox://mapbox.mapbox-streets-v7,rasagy-public.cj0er13zv002233n882iry8c4-8sa0m",
            "type": "vector"
        }
    },
    "sprite": "mapbox://sprites/rasagy-public/cj0erh4ci004v2smnt9rx6m6m",
    "glyphs": "mapbox://fonts/rasagy-public/{fontstack}/{range}.pbf",
    "layers": [
        {
            "id": "background",
            "type": "background",
            "paint": {
                "background-color": "#121132",
                "background-pattern": "hexagons-darkblue"
            }
        },
        {
            "id": "landuse_overlay_national_park",
            "type": "fill",
            "source": "composite",
            "source-layer": "landuse_overlay",
            "filter": [
                "==",
                "class",
                "national_park"
            ],
            "paint": {
                "fill-color": "#1E221D",
                "fill-opacity": 0.75,
                "fill-outline-color": "#17FFDD",
                "fill-pattern": "falling-triangles-darkgreen"
            }
        },
        {
            "id": "landuse_park",
            "type": "fill",
            "source": "composite",
            "source-layer": "landuse",
            "filter": [
                "==",
                "class",
                "park"
            ],
            "paint": {
                "fill-color": "#1E221D",
                "fill-outline-color": "#17FFDD",
                "fill-pattern": "falling-triangles-darkgreen"
            }
        },
        {
            "id": "waterway",
            "type": "line",
            "source": "composite",
            "source-layer": "waterway",
            "filter": [
                "all",
                [
                    "==",
                    "$type",
                    "LineString"
                ],
                [
                    "in",
                    "class",
                    "canal",
                    "river"
                ]
            ],
            "paint": {
                "line-color": "#000011",
                "line-width": {
                    "base": 1.4,
                    "stops": [
                        [
                            8,
                            0.5
                        ],
                        [
                            20,
                            15
                        ]
                    ]
                }
            }
        },
        {
            "id": "water",
            "type": "fill",
            "source": "composite",
            "source-layer": "water",
            "paint": {
                "fill-color": "#000011",
                "fill-pattern": "bank-note-darkblue"
            }
        },
        {
            "id": "building",
            "type": "fill",
            "source": "composite",
            "source-layer": "building",
            "paint": {
                "fill-color": "#2D2B54",
                "fill-outline-color": "#6A66DB"
            }
        },
        {
            "id": "tunnel_minor",
            "type": "line",
            "source": "composite",
            "source-layer": "road",
            "filter": [
                "all",
                [
                    "==",
                    "$type",
                    "LineString"
                ],
                [
                    "all",
                    [
                        "==",
                        "structure",
                        "tunnel"
                    ],
                    [
                        "in",
                        "class",
                        "link",
                        "motorway_link",
                        "path",
                        "pedestrian",
                        "service",
                        "street",
                        "street_limited",
                        "track"
                    ]
                ]
            ],
            "layout": {
                "line-cap": "butt",
                "line-join": "miter"
            },
            "paint": {
                "line-color": "#2D2B54",
                "line-width": {
                    "base": 1.55,
                    "stops": [
                        [
                            4,
                            0.25
                        ],
                        [
                            20,
                            30
                        ]
                    ]
                },
                "line-dasharray": [
                    0.36,
                    0.18
                ]
            }
        },
        {
            "id": "tunnel_major",
            "type": "line",
            "source": "composite",
            "source-layer": "road",
            "filter": [
                "all",
                [
                    "==",
                    "$type",
                    "LineString"
                ],
                [
                    "all",
                    [
                        "==",
                        "structure",
                        "tunnel"
                    ],
                    [
                        "in",
                        "class",
                        "motorway",
                        "primary",
                        "secondary",
                        "tertiary",
                        "trunk"
                    ]
                ]
            ],
            "layout": {
                "line-cap": "butt",
                "line-join": "miter"
            },
            "paint": {
                "line-color": "#6A66DB",
                "line-width": {
                    "base": 1.4,
                    "stops": [
                        [
                            6,
                            0.5
                        ],
                        [
                            20,
                            30
                        ]
                    ]
                },
                "line-dasharray": [
                    0.28,
                    0.14
                ]
            }
        },
        {
            "id": "road_minor",
            "type": "line",
            "source": "composite",
            "source-layer": "road",
            "filter": [
                "all",
                [
                    "==",
                    "$type",
                    "LineString"
                ],
                [
                    "all",
                    [
                        "in",
                        "class",
                        "link",
                        "motorway_link",
                        "path",
                        "pedestrian",
                        "service",
                        "street",
                        "street_limited",
                        "track"
                    ],
                    [
                        "in",
                        "structure",
                        "ford",
                        "none"
                    ]
                ]
            ],
            "layout": {
                "line-cap": "round",
                "line-join": "round"
            },
            "paint": {
                "line-color": "#2D2B54",
                "line-width": {
                    "base": 1.55,
                    "stops": [
                        [
                            4,
                            0.25
                        ],
                        [
                            20,
                            30
                        ]
                    ]
                }
            }
        },
        {
            "id": "road_major",
            "type": "line",
            "source": "composite",
            "source-layer": "road",
            "filter": [
                "all",
                [
                    "==",
                    "$type",
                    "LineString"
                ],
                [
                    "all",
                    [
                        "in",
                        "class",
                        "motorway",
                        "primary",
                        "secondary",
                        "tertiary",
                        "trunk"
                    ],
                    [
                        "in",
                        "structure",
                        "ford",
                        "none"
                    ]
                ]
            ],
            "layout": {
                "line-cap": "round",
                "line-join": "round"
            },
            "paint": {
                "line-color": "#6A66DB",
                "line-width": {
                    "base": 1.4,
                    "stops": [
                        [
                            6,
                            0.5
                        ],
                        [
                            20,
                            30
                        ]
                    ]
                }
            }
        },
        {
            "id": "bridge_minor case",
            "type": "line",
            "source": "composite",
            "source-layer": "road",
            "filter": [
                "all",
                [
                    "==",
                    "$type",
                    "LineString"
                ],
                [
                    "all",
                    [
                        "==",
                        "structure",
                        "bridge"
                    ],
                    [
                        "in",
                        "class",
                        "link",
                        "motorway_link",
                        "path",
                        "pedestrian",
                        "service",
                        "street",
                        "street_limited",
                        "track"
                    ]
                ]
            ],
            "layout": {
                "line-cap": "butt",
                "line-join": "miter"
            },
            "paint": {
                "line-gap-width": {
                    "base": 1.55,
                    "stops": [
                        [
                            4,
                            0.25
                        ],
                        [
                            20,
                            30
                        ]
                    ]
                },
                "line-width": {
                    "base": 1.6,
                    "stops": [
                        [
                            12,
                            0.5
                        ],
                        [
                            20,
                            10
                        ]
                    ]
                },
                "line-color": "#908DE7"
            }
        },
        {
            "id": "bridge_major case",
            "type": "line",
            "source": "composite",
            "source-layer": "road",
            "filter": [
                "all",
                [
                    "==",
                    "$type",
                    "LineString"
                ],
                [
                    "all",
                    [
                        "==",
                        "structure",
                        "bridge"
                    ],
                    [
                        "in",
                        "class",
                        "motorway",
                        "primary",
                        "secondary",
                        "tertiary",
                        "trunk"
                    ]
                ]
            ],
            "layout": {
                "line-cap": "butt",
                "line-join": "miter"
            },
            "paint": {
                "line-gap-width": {
                    "base": 1.55,
                    "stops": [
                        [
                            4,
                            0.25
                        ],
                        [
                            20,
                            30
                        ]
                    ]
                },
                "line-width": {
                    "base": 1.6,
                    "stops": [
                        [
                            12,
                            0.5
                        ],
                        [
                            20,
                            10
                        ]
                    ]
                },
                "line-color": "#908DE7"
            }
        },
        {
            "id": "bridge_minor",
            "type": "line",
            "source": "composite",
            "source-layer": "road",
            "filter": [
                "all",
                [
                    "==",
                    "$type",
                    "LineString"
                ],
                [
                    "all",
                    [
                        "==",
                        "structure",
                        "bridge"
                    ],
                    [
                        "in",
                        "class",
                        "link",
                        "motorway_link",
                        "path",
                        "pedestrian",
                        "service",
                        "street",
                        "street_limited",
                        "track"
                    ]
                ]
            ],
            "layout": {
                "line-cap": "round",
                "line-join": "round"
            },
            "paint": {
                "line-color": "#2D2B54",
                "line-width": {
                    "base": 1.55,
                    "stops": [
                        [
                            4,
                            0.25
                        ],
                        [
                            20,
                            30
                        ]
                    ]
                }
            }
        },
        {
            "id": "bridge_major",
            "type": "line",
            "source": "composite",
            "source-layer": "road",
            "filter": [
                "all",
                [
                    "==",
                    "$type",
                    "LineString"
                ],
                [
                    "all",
                    [
                        "==",
                        "structure",
                        "bridge"
                    ],
                    [
                        "in",
                        "class",
                        "motorway",
                        "primary",
                        "secondary",
                        "tertiary",
                        "trunk"
                    ]
                ]
            ],
            "layout": {
                "line-cap": "round",
                "line-join": "round"
            },
            "paint": {
                "line-color": "#6A66DB",
                "line-width": {
                    "base": 1.4,
                    "stops": [
                        [
                            6,
                            0.5
                        ],
                        [
                            20,
                            30
                        ]
                    ]
                }
            }
        },
        {
            "id": "admin_country",
            "type": "line",
            "source": "composite",
            "source-layer": "admin",
            "filter": [
                "all",
                [
                    "==",
                    "$type",
                    "LineString"
                ],
                [
                    "all",
                    [
                        "<=",
                        "admin_level",
                        2
                    ],
                    [
                        "==",
                        "maritime",
                        0
                    ]
                ]
            ],
            "layout": {
                "line-cap": "round",
                "line-join": "round"
            },
            "paint": {
                "line-color": "#17FFDD",
                "line-width": {
                    "base": 1.3,
                    "stops": [
                        [
                            3,
                            0.5
                        ],
                        [
                            22,
                            15
                        ]
                    ]
                }
            }
        },
        {
            "id": "poi_label",
            "type": "symbol",
            "source": "composite",
            "source-layer": "poi_label",
            "minzoom": 5,
            "filter": [
                "all",
                [
                    "==",
                    "$type",
                    "Point"
                ],
                [
                    "all",
                    [
                        "<",
                        "localrank",
                        28
                    ],
                    [
                        "<",
                        "scalerank",
                        5
                    ]
                ]
            ],
            "layout": {
                "icon-image": "{maki}-11",
                "text-offset": [
                    0,
                    0.5
                ],
                "text-field": "{name_en}",
                "text-font": [
                    "Magda Clean Mono Offc Pro Regular",
                    "Arial Unicode MS Bold"
                ],
                "text-max-width": 8,
                "text-anchor": "top",
                "text-size": 11,
                "icon-size": 1
            },
            "paint": {
                "text-color": "#17FFDD",
                "text-halo-width": 1,
                "text-halo-color": "#000011",
                "text-halo-blur": 1
            }
        },
        {
            "id": "road_major_label",
            "type": "symbol",
            "source": "composite",
            "source-layer": "road_label",
            "filter": [
                "all",
                [
                    "==",
                    "$type",
                    "LineString"
                ],
                [
                    "in",
                    "class",
                    "motorway",
                    "primary",
                    "secondary",
                    "tertiary",
                    "trunk"
                ]
            ],
            "layout": {
                "symbol-placement": "line",
                "text-field": "{name_en}",
                "text-font": [
                    "Magda Clean Mono Offc Pro Regular",
                    "Arial Unicode MS Bold"
                ],
                "text-transform": "uppercase",
                "text-letter-spacing": 0.1,
                "text-size": {
                    "base": 1.4,
                    "stops": [
                        [
                            10,
                            8
                        ],
                        [
                            20,
                            14
                        ]
                    ]
                }
            },
            "paint": {
                "text-color": "#17FFDD",
                "text-halo-color": "#000011",
                "text-halo-width": 2
            }
        },
        {
            "id": "place_label_other",
            "type": "symbol",
            "source": "composite",
            "source-layer": "place_label",
            "minzoom": 8,
            "filter": [
                "all",
                [
                    "==",
                    "$type",
                    "Point"
                ],
                [
                    "in",
                    "type",
                    "hamlet",
                    "island",
                    "neighbourhood",
                    "suburb",
                    "town",
                    "village"
                ]
            ],
            "layout": {
                "text-field": "{name_en}",
                "text-font": [
                    "Magda Clean Mono Offc Pro Regular",
                    "Arial Unicode MS Bold"
                ],
                "text-max-width": 6,
                "text-size": {
                    "stops": [
                        [
                            6,
                            12
                        ],
                        [
                            12,
                            16
                        ]
                    ]
                }
            },
            "paint": {
                "text-color": "#17FFDD",
                "text-halo-width": 1,
                "text-halo-blur": 0,
                "text-halo-color": "#000011"
            }
        },
        {
            "id": "place_label_city",
            "type": "symbol",
            "source": "composite",
            "source-layer": "place_label",
            "maxzoom": 16,
            "filter": [
                "all",
                [
                    "==",
                    "$type",
                    "Point"
                ],
                [
                    "==",
                    "type",
                    "city"
                ]
            ],
            "layout": {
                "text-field": "{name_en}",
                "text-font": [
                    "Magda Clean Mono Offc Pro Bold",
                    "Arial Unicode MS Bold"
                ],
                "text-max-width": 10,
                "text-size": {
                    "stops": [
                        [
                            3,
                            12
                        ],
                        [
                            8,
                            16
                        ]
                    ]
                }
            },
            "paint": {
                "text-color": "#17FFDD",
                "text-halo-width": 1,
                "text-halo-blur": 0,
                "text-halo-color": "#000011"
            }
        },
        {
            "id": "country_label",
            "type": "symbol",
            "source": "composite",
            "source-layer": "country_label",
            "maxzoom": 12,
            "filter": [
                "==",
                "$type",
                "Point"
            ],
            "layout": {
                "text-field": "{name_en}",
                "text-font": [
                    "Magda Clean Offc Pro Regular",
                    "Arial Unicode MS Regular"
                ],
                "text-max-width": 10,
                "text-size": {
                    "stops": [
                        [
                            3,
                            14
                        ],
                        [
                            8,
                            22
                        ]
                    ]
                },
                "text-transform": "uppercase"
            },
            "paint": {
                "text-color": "#17FFDD",
                "text-halo-width": 1,
                "text-halo-blur": 0,
                "text-halo-color": "#000011"
            }
        },
        {
            "id": "nid-poi",
            "type": "symbol",
            "source": "composite",
            "source-layer": "NID-PoI",
            "filter": [
                "==",
                "$type",
                "Point"
            ],
            "layout": {
                "visibility": "visible",
                "icon-image": "Dfrost-marker",
                "icon-size": {
                    "base": 1,
                    "stops": [
                        [
                            9,
                            0.5
                        ],
                        [
                            12,
                            1
                        ]
                    ]
                }
            },
            "paint": {}
        }
    ],
    "created": "2017-03-18T04:36:32.713Z",
    "id": "cj0erh4ci004v2smnt9rx6m6m",
    "modified": "2017-03-18T04:39:15.862Z",
    "owner": "rasagy-public",
    "visibility": "private",
    "draft": false
}